PCC,SCC,RMSE,MAE
0.7761400195207409,0.5538592469026066,7.660829206226062,5.623575634024401
